date,tag,count
2025-04-10,AI in Banking,6
2025-04-10,Generative AI,4
2025-04-10,Digital Transformation,3
2025-04-10,S&P 500,2
2025-04-10,AI Risks,2
2025-04-10,Technology Disruptions,2
2025-04-10,AI Adoption,2
2025-04-10,Fintech Funding,2
2025-04-10,Hybrid Cloud Storage,2
2025-04-10,AI Transformations,2
2025-04-10,Clean Energy,2
2025-04-10,Cloud Platforms,2
2025-04-10,Data Quality Challenges,1
2025-04-10,Generative AI in Finance,1
2025-04-10,Data Privacy,1
2025-04-10,M&A Integration,1
2025-04-10,Talent Management,1
2025-04-10,AI Implementation,1
2025-04-10,Trade war concerns,1
2025-04-10,Culture Change,1
2025-04-10,Market volatility,1
2025-04-10,Tariff policies,1
2025-04-10,Data Governance,1
2025-04-10,Innovation Potential,1
2025-04-10,Fintech Startups,1
2025-04-10,Expansion Funding,1
2025-04-10,Government Initiative,1
2025-04-10,Digital Assets,1
2025-04-10,Fintech Transformation,1
2025-04-10,Misconceptions,1
2025-04-10,International Fintech,1
2025-04-10,Data Quality,1
2025-04-10,Data Privacy Regulations,1
2025-04-10,AI Compliance,1
2025-04-10,Legal Risks,1
2025-04-10,Digital transformation,1
2025-04-10,Partnerships with IT,1
2025-04-10,Cybersecurity,1
2025-04-10,Strategic collaborations,1
2025-04-10,AI implementation,1
2025-04-10,Stagflation,1
2025-04-10,Talent acquisition,1
2025-04-10,Market Volatility,1
2025-04-10,Job Growth,1
2025-04-10,Expansion Africa,1
2025-04-10,Knowledge-sharing,1
2025-04-10,Travel Fintech,1
2025-04-10,Emerging Technologies,1
2025-04-10,AI in Energy,1
2025-04-10,Data-driven AI,1
2025-04-10,Public Sector Transformation,1
2025-04-10,Digital Finance Transformation,1
2025-04-10,Fintech Ventures,1
2025-04-10,Fraud Detection,1
2025-04-10,Customer Interactions,1
2025-04-10,Data Privacy Compliance,1
2025-04-10,Legal Frameworks,1
2025-04-10,Effective AI Policies,1
2025-04-10,Efficiency,1
2025-04-10,Customer Experience,1
2025-04-10,IT Collaboration,1
2025-04-10,Stock Market Downgrade,1
2025-04-10,Trade Tensions,1
2025-04-10,Federal Reserve Caution,1
2025-04-10,Tariff Impact,1
2025-04-10,Investor Confidence,1
2025-04-10,Global Expansion,1
2025-04-10,AI Transformation,1
2025-04-10,Data Importance,1
2025-04-10,EU AI Plan,1
2025-04-11,AI in Finance,1
2025-04-11,Customer Service,1
2025-04-11,Data Quality,1
2025-04-11,Data Privacy Compliance,1
2025-04-11,AI Assets,1
2025-04-11,GDPR Compliance,1
2025-04-11,Digital Transformation,1
2025-04-11,Organizational Culture,1
2025-04-11,IT Collaboration,1
2025-04-11,Leadership Recognition,1
2025-04-11,Market Volatility,1
2025-04-11,Trade War,1
2025-04-11,Stock Market Losses,1
2025-04-11,Fintech Funding,1
2025-04-11,Expansion,1
2025-04-11,Africa Fintech,1
2025-04-11,Disruptive Technologies,1
2025-04-11,Data Services,1
2025-04-11,Hybrid Cloud,1
2025-04-11,Government Council,1
2025-04-11,AI Infrastructure,1
2025-04-11,Regulatory Monitoring,1
2025-04-11,AI in Banking,1
2025-04-11,Digital Assets,1
2025-04-11,Customer Personalization,1
2025-04-14,Digital Transformation,3
2025-04-14,AI in Banking,3
2025-04-14,Fintech Funding,2
2025-04-14,AI Infrastructure,2
2025-04-14,Hybrid Cloud,2
2025-04-14,Cybersecurity,2
2025-04-14,GDPR Compliance,1
2025-04-14,AI Assets,1
2025-04-14,Data Privacy Compliance,1
2025-04-14,AI in Finance,1
2025-04-14,Data Quality,1
2025-04-14,Customer Service,1
2025-04-14,Trade War,1
2025-04-14,Market Volatility,1
2025-04-14,Leadership Recognition,1
2025-04-14,IT Collaboration,1
2025-04-14,Organizational Culture,1
2025-04-14,Africa Fintech,1
2025-04-14,Expansion,1
2025-04-14,Stock Market Losses,1
2025-04-14,Government Council,1
2025-04-14,Data Services,1
2025-04-14,Disruptive Technologies,1
2025-04-14,Regulatory Monitoring,1
2025-04-14,Digital Assets,1
2025-04-14,Customer Personalization,1
2025-04-14,Operational Efficiency,1
2025-04-14,Data Privacy,1
2025-04-14,AI Risks,1
2025-04-14,Strategic Advisory,1
2025-04-14,AI Implementation,1
2025-04-14,Tariff turmoil,1
2025-04-14,Market volatility,1
2025-04-14,US recession,1
2025-04-14,Banking Expansion,1
2025-04-14,Global Acquisition,1
2025-04-14,Workforce Planning,1
2025-04-14,Metadata,1
2025-04-14,Data Fabric Market,1
2025-04-14,Clean Energy,1
2025-04-14,Data Governance,1
2025-04-14,Organizational Restructuring,1
2025-04-14,Fintech Integration,1
2025-04-14,Customer Service Enhancement,1
2025-04-22,Digital Transformation,4
2025-04-22,Data Privacy Compliance,2
2025-04-22,Wealthtech,2
2025-04-22,DEI Investigations,2
2025-04-22,AI Revolution,1
2025-04-22,Cybersecurity Frameworks,1
2025-04-22,Disruption,1
2025-04-22,Technology Innovation,1
2025-04-22,Customer Experience,1
2025-04-22,Tech stocks,1
2025-04-22,Retail sales,1
2025-04-22,Global economy,1
2025-04-22,Funding,1
2025-04-22,Global Expansion,1
2025-04-22,Data One-stop-shop,1
2025-04-22,Operational Agility,1
2025-04-22,Strategic AI Alignment,1
2025-04-22,Data Centers,1
2025-04-22,Fossil Fuels,1
2025-04-22,AI Investments,1
2025-04-22,AI Solutions,1
2025-04-22,Fintech Investments,1
2025-04-22,Regulatory Compliance,1
2025-04-22,AI in Finance,1
2025-04-22,Generative AI,1
2025-04-22,No-code AI,1
2025-04-22,Cybersecurity Measures,1
2025-04-22,AI in Workplace,1
2025-04-22,AI Impact,1
2025-04-22,Accounting Evolution,1
2025-04-22,Retail Sales,1
2025-04-22,Trade War,1
2025-04-22,Market Sentiment,1
2025-04-22,Investor Anxiety,1
2025-04-22,Supply Chain Financing,1
2025-04-22,Earned Wage Access,1
2025-04-22,Fintech Financing,1
2025-04-22,Data Management,1
2025-04-22,AI Integration,1
2025-04-22,Operational Efficiency,1
2025-04-22,data centers,1
2025-04-22,AI infrastructure,1
2025-04-22,digital infrastructure,1
2025-04-22,AI Automation,1
2025-04-22,Fintech Funding,1
2025-04-28,Digital Transformation,5
2025-04-28,Fintech Funding,3
2025-04-28,AI Integration,2
2025-04-28,DEI Investigations,2
2025-04-28,Wealthtech,2
2025-04-28,Data Privacy Compliance,2
2025-04-28,AI Revolution,1
2025-04-28,Cybersecurity Frameworks,1
2025-04-28,Disruption,1
2025-04-28,Tech stocks,1
2025-04-28,Retail sales,1
2025-04-28,Global economy,1
2025-04-28,Funding,1
2025-04-28,Global Expansion,1
2025-04-28,Data One-stop-shop,1
2025-04-28,Technology Innovation,1
2025-04-28,Customer Experience,1
2025-04-28,Data Centers,1
2025-04-28,Fossil Fuels,1
2025-04-28,AI Investments,1
2025-04-28,AI Solutions,1
2025-04-28,Fintech Investments,1
2025-04-28,Regulatory Compliance,1
2025-04-28,AI in Finance,1
2025-04-28,Generative AI,1
2025-04-28,No-code AI,1
2025-04-28,Cybersecurity Measures,1
2025-04-28,AI in Workplace,1
2025-04-28,AI Impact,1
2025-04-28,Accounting Evolution,1
2025-04-28,Retail Sales,1
2025-04-28,Operational Agility,1
2025-04-28,Strategic AI Alignment,1
2025-04-28,Market Sentiment,1
2025-04-28,Trade War,1
2025-04-28,Earned Wage Access,1
2025-04-28,Investor Anxiety,1
2025-04-28,Fintech Financing,1
2025-04-28,Data Management,1
2025-04-28,Operational Efficiency,1
2025-04-28,Supply Chain Financing,1
2025-04-28,data centers,1
2025-04-28,AI infrastructure,1
2025-04-28,digital infrastructure,1
2025-04-28,AI Automation,1
2025-04-28,Trust in AI,1
2025-04-28,Efficiency in Software Delivery,1
2025-04-28,Accountability in AI,1
2025-04-28,DEI Refresh,1
2025-04-28,Compliance Challenges,1
2025-04-28,Digital Tools,1
2025-04-28,AI Collaboration,1
2025-04-28,Stock Market Rally,1
2025-04-28,Global Economic Impact,1
2025-04-28,Market Volatility,1
2025-04-28,Trade Policies,1
2025-04-28,Replicated Startup Models,1
2025-04-28,Health Tech Development,1
2025-04-28,AI Investment,1
2025-04-28,Ethical Implementation,1
2025-04-28,AI Infrastructure,1
2025-04-28,Practical Applications,1
2025-04-28,Insurance Sector,1
2025-04-28,CFPB Defense,1
2025-04-28,Industry Resurgence,1
2025-04-29,Digital Transformation,5
2025-04-29,Fintech Funding,4
2025-04-29,AI in Finance,3
2025-04-29,AI Integration,3
2025-04-29,DEI Investigations,2
2025-04-29,Wealthtech,2
2025-04-29,AI Impact,2
2025-04-29,Data Privacy Compliance,2
2025-04-29,Customer Experience,1
2025-04-29,Tech stocks,1
2025-04-29,Cybersecurity Frameworks,1
2025-04-29,Technology Innovation,1
2025-04-29,Funding,1
2025-04-29,Global Expansion,1
2025-04-29,Data One-stop-shop,1
2025-04-29,Operational Agility,1
2025-04-29,Strategic AI Alignment,1
2025-04-29,Data Centers,1
2025-04-29,Retail sales,1
2025-04-29,Global economy,1
2025-04-29,Disruption,1
2025-04-29,AI Revolution,1
2025-04-29,Fintech Investments,1
2025-04-29,AI Solutions,1
2025-04-29,AI Investments,1
2025-04-29,Fossil Fuels,1
2025-04-29,No-code AI,1
2025-04-29,Cybersecurity Measures,1
2025-04-29,Generative AI,1
2025-04-29,Regulatory Compliance,1
2025-04-29,Retail Sales,1
2025-04-29,Trade War,1
2025-04-29,Market Sentiment,1
2025-04-29,Investor Anxiety,1
2025-04-29,Supply Chain Financing,1
2025-04-29,Earned Wage Access,1
2025-04-29,AI in Workplace,1
2025-04-29,Accounting Evolution,1
2025-04-29,Data Management,1
2025-04-29,Fintech Financing,1
2025-04-29,data centers,1
2025-04-29,Operational Efficiency,1
2025-04-29,AI infrastructure,1
2025-04-29,digital infrastructure,1
2025-04-29,AI Automation,1
2025-04-29,Trust in AI,1
2025-04-29,Efficiency in Software Delivery,1
2025-04-29,Accountability in AI,1
2025-04-29,DEI Refresh,1
2025-04-29,Compliance Challenges,1
2025-04-29,Digital Tools,1
2025-04-29,AI Collaboration,1
2025-04-29,Stock Market Rally,1
2025-04-29,Global Economic Impact,1
2025-04-29,Market Volatility,1
2025-04-29,Trade Policies,1
2025-04-29,Replicated Startup Models,1
2025-04-29,Health Tech Development,1
2025-04-29,AI Investment,1
2025-04-29,Ethical Implementation,1
2025-04-29,AI Infrastructure,1
2025-04-29,Practical Applications,1
2025-04-29,Insurance Sector,1
2025-04-29,CFPB Defense,1
2025-04-29,Industry Resurgence,1
2025-04-29,Fintech Success,1
2025-04-29,Responsible AI Adoption,1
2025-04-29,Data Security Regulations,1
2025-04-29,Cybersecurity Practices,1
2025-04-29,HR transformations,1
2025-04-29,strategic evolution,1
2025-04-29,digital transformation,1
2025-04-29,performance transformations,1
2025-04-29,Stock Market Surge,1
2025-04-29,Earnings Report,1
2025-04-29,Self-driving Cars,1
2025-04-29,AI Chip Competition,1
2025-04-29,Nordic Fintech Innovation,1
2025-04-29,AI Governance,1
2025-04-29,Information Security,1
2025-04-29,Technological Progress,1
2025-04-29,AI Regulation,1
2025-04-29,Data Access,1
2025-04-29,AI Advancements,1
2025-04-29,Blockchain Integration,1
2025-04-29,Tokenization,1
2025-05-05,AI in Financial Services,1
2025-05-05,Streamlining Compliance,1
2025-05-05,AI Startups Acquisitions,1
2025-05-05,Live AI Testing,1
2025-05-05,GenAI-Driven Growth,1
2025-05-05,Data Privacy Compliances,1
2025-05-05,GDPR Enforcement,1
2025-05-05,China's PIPL Regulation,1
2025-05-05,Data Transfer Penalties,1
2025-05-05,Regional Compliance Regulations,1
2025-05-05,Collaborative Business Approach,1
2025-05-05,Team Effort in Client Acquisition,1
2025-05-05,Digital Transformation,1
2025-05-05,Unified Business Strategies,1
2025-05-05,Technology Update in Organizations,1
2025-05-05,Stocks Rally,1
2025-05-05,Strong Jobs Data,1
2025-05-05,Easing Trade Tensions,1
2025-05-05,Stagflation Warning,1
2025-05-05,Economic Downturn,1
2025-05-05,Tech Startup Funding,1
2025-05-05,Fintech Sector Growth,1
2025-05-05,Increased Startup Valuations,1
2025-05-05,Executive Appointments,1
2025-05-05,Data Governance Maturity,1
2025-05-05,Advanced Analytics,1
2025-05-05,Competitive Edge in Industries,1
2025-05-05,Proactive Data Management,1
2025-05-05,Data Governance in AI,1
2025-05-05,Poor Data Quality,1
2025-05-05,Regulatory Compliance,1
2025-05-05,Europe's Digital Resilience,1
2025-05-05,Digital Transformation in WealthTech,1
2025-05-05,Blockchain in WealthTech,1
2025-05-05,AI in Wealth Management,1
2025-05-05,Collaboration in Financial Services,1
2025-05-06,AI in Financial Services,1
2025-05-06,Automating Regulatory Reporting,1
2025-05-06,AI for Staff Upskilling,1
2025-05-06,GenAI-driven Tools,1
2025-05-06,International Data Transfers,1
2025-05-06,EU-US Data Privacy Framework,1
2025-05-06,EU GDPR Enforcement,1
2025-05-06,TikTok Regulatory Fine,1
2025-05-06,Data Lifecycle Management,1
2025-05-06,Global Consulting Unity,1
2025-05-06,"Diversity, Equity, Inclusion Initiatives",1
2025-05-06,Digital Transformation,1
2025-05-06,Industry Slowdown,1
2025-05-06,Venture Capital in Fintech,1
2025-05-06,Executive Shuffle in Fintech,1
2025-05-06,Fintech Industry Growth,1
2025-05-06,AI-enabled Data Management,1
2025-05-06,AI in Agriculture,1
2025-05-06,AI in Finance,1
2025-05-06,Data Analytics in Legal Services,1
2025-05-06,Data Governance in AI,1
2025-05-06,Ethical AI Deployment,1
2025-05-06,AI Data Center Security,1
2025-05-06,AI in Public Sector,1
2025-05-06,Wealthtech Digital Transformation,1
2025-05-06,Blockchain in Wealthtech,1
2025-05-06,AI in Financial Compliance,1
2025-05-06,Positive Labor Market,1
2025-05-06,S&P 500 Winning Streak,1
2025-05-06,AI Companies Growth,1
2025-05-06,Media Stocks Decline,1
2025-05-06,Digital Transformation in Wealthtech,1
2025-05-06,Blockchain in Wealthtech,1
2025-05-06,Partnerships with Digital Vendors,1
2025-05-06,AI in Finance,1
2025-05-06,AI and Compliance,1
2025-05-06,Operational Efficiency,1
2025-05-06,AI-Driven Tools,1
2025-05-06,Consulting Technology Use,1
2025-05-06,Global DEI Commitment,1
2025-05-06,AI/ML Customer Insights,1
2025-05-06,Consulting Strategy Adjustment,1
2025-05-06,Venture Capital in Fintech,1
2025-05-06,Fintech Global Expansion,1
2025-05-06,Product Development in Fintech,1
2025-05-06,Personnel Changes in Fintech,1
2025-05-06,EU-US Data Privacy,1
2025-05-06,BigID Data Lifecycle Management,1
2025-05-06,China GDPR Compliance,1
2025-05-06,Global Privacy Regulations,1
2025-05-06,Enterprise-Wide Data Architecture,1
2025-05-06,Data Management in AI,1
2025-05-06,Data Governance Challenges,1
2025-05-06,Strategic Data Utilization,1
2025-05-06,Scalable Infrastructure & Advanced Analytics,1
2025-05-06,AI in Public Sector,1
2025-05-06,Data Quality and Governance,1
2025-05-06,AI Growth Zones,1
2025-05-06,Ethical AI Usage,1
2025-05-06,AI in Cybersecurity,1
